id,idx
231,0
329,1
356,2
364,3
370,4
377,5
420,6
466,7
480,8
539,9
586,10
588,11
589,12
594,13
616,14
110,15
260,16
590,17
213,18
6539,19
34,20
150,21
153,22
161,23
165,24
266,25
316,26
317,27
410,28
587,29
592,30
595,31
32,32
47,33
495,34
527,35
538,36
541,37
608,38
919,39
920,40
923,41
926,42
1104,43
1199,44
1219,45
1225,46
1230,47
1235,48
1295,49
457,50
858,51
1193,52
1196,53
1197,54
1277,55
1304,56
1584,57
1653,58
2396,59
2571,60
3994,61
3996,62
599,63
899,64
903,65
904,66
908,67
912,68
913,69
930,70
1212,71
1252,72
1254,73
1260,74
1387,75
2186,76
2762,77
2791,78
3703,79
4226,80
4406,81
50,82
1200,83
1215,84
1527,85
1625,86
1676,87
1732,88
1754,89
2167,90
4027,91
4499,92
4878,93
5283,94
6870,95
6953,96
235,97
1288,98
1500,99
2502,100
2858,101
7361,102
38061,103
21,104
265,105
1096,106
1131,107
1132,108
1172,109
1208,110
1233,111
1264,112
1296,113
1307,114
1674,115
1678,116
2020,117
2028,118
2075,119
2352,120
2938,121
349,122
440,123
1028,124
1097,125
1198,126
1210,127
1240,128
1270,129
1580,130
1610,131
1617,132
1947,133
2671,134
2686,135
2716,136
2916,137
780,138
3147,139
924,140
2301,141
3471,142
3578,143
4958,144
4993,145
1136,146
4308,147
6863,148
40815,149
40826,150
1570,151
111,152
593,153
802,154
915,155
965,156
1214,157
1249,158
1997,159
2291,160
2353,161
3101,162
3435,163
3793,164
5122,165
5952,166
6316,167
296,168
1220,169
2959,170
17,171
28,172
74,173
246,174
277,175
353,176
497,177
508,178
720,179
953,180
1022,181
1079,182
1080,183
1148,184
1223,185
1224,186
1246,187
1259,188
1291,189
1641,190
1,191
232,192
300,193
306,194
339,195
745,196
838,197
62,198
733,199
786,200
805,201
832,202
1356,203
1393,204
292,205
3879,206
3882,207
3885,208
3889,209
3977,210
11,211
104,212
151,213
261,214
282,215
318,216
367,217
368,218
371,219
380,220
597,221
736,222
783,223
848,224
914,225
954,226
1023,227
1029,228
1035,229
1042,230
1183,231
1207,232
1231,233
1242,234
1247,235
1258,236
1265,237
1278,238
1302,239
1374,240
1377,241
1380,242
1394,243
1489,244
24,245
293,246
2872,247
778,248
1206,249
2692,250
3949,251
6,252
16,253
216,254
333,255
1089,256
1204,257
1213,258
1221,259
1517,260
1729,261
1968,262
2081,263
2908,264
4262,265
5902,266
555,267
1036,268
3527,269
4011,270
1047,271
1479,272
1552,273
4720,274
4973,275
5364,276
7366,277
8916,278
8965,279
27808,280
45447,281
47970,282
48394,283
56367,284
714,285
866,286
1147,287
1248,288
1673,289
2683,290
3081,291
910,292
932,293
2248,294
3421,295
509,296
3,297
5,298
7,299
39,300
107,301
236,302
267,303
500,304
708,305
765,306
1453,307
1629,308
1672,309
1680,310
1704,311
1777,312
1784,313
2273,314
290,315
441,316
549,317
916,318
955,319
1041,320
1094,321
1188,322
1244,323
1285,324
1354,325
1358,326
1594,327
1682,328
1834,329
1966,330
2064,331
2289,332
2599,333
3006,334
3039,335
3072,336
3246,337
2401,338
3897,339
10,340
253,341
741,342
1721,343
3160,344
4995,345
5617,346
6874,347
7153,348
8370,349
4369,350
357,351
58,352
194,353
471,354
750,355
753,356
898,357
900,358
905,359
922,360
933,361
945,362
949,363
950,364
951,365
969,366
994,367
1057,368
1077,369
1086,370
1092,371
1125,372
1150,373
1152,374
1178,375
1185,376
1211,377
1234,378
1266,379
1269,380
1272,381
1273,382
1276,383
1282,384
1283,385
1300,386
1683,387
1923,388
1939,389
1944,390
1946,391
1961,392
1963,393
2018,394
2066,395
2076,396
2099,397
2150,398
2176,399
2184,400
2185,401
2205,402
2208,403
2324,404
2333,405
2593,406
2729,407
2917,408
2927,409
2997,410
3022,411
3061,412
3067,413
3088,414
3363,415
3475,416
3546,417
3606,418
3685,419
3808,420
3849,421
4014,422
4034,423
4077,424
4186,425
4246,426
4263,427
4464,428
4733,429
4840,430
4848,431
4920,432
4926,433
4979,434
5013,435
5367,436
8781,437
33237,438
34528,439
39292,440
49932,441
36,442
3114,443
162,444
902,445
909,446
928,447
931,448
1201,449
1203,450
1209,451
1222,452
1227,453
1228,454
1250,455
1253,456
1256,457
1263,458
1274,459
1284,460
1333,461
1348,462
1935,463
1945,464
2010,465
2019,466
2065,467
2067,468
2182,469
2183,470
2202,471
2219,472
2366,473
2728,474
2947,475
2966,476
3030,477
3089,478
3095,479
3232,480
3307,481
3365,482
3468,483
3559,484
3629,485
3641,486
3676,487
3681,488
3814,489
4306,490
4359,491
4404,492
4768,493
5008,494
5291,495
5304,496
5397,497
5440,498
5826,499
6254,500
6273,501
6401,502
6426,503
6522,504
6581,505
7065,506
7070,507
7072,508
7073,509
7074,510
7210,511
7212,512
7218,513
7243,514
7327,515
7581,516
7700,517
7943,518
8125,519
8235,520
8239,521
8336,522
8511,523
8601,524
8620,525
8670,526
25769,527
25788,528
25938,529
25940,530
30707,531
61,532
112,533
494,534
748,535
788,536
1004,537
1061,538
1497,539
1499,540
1573,541
1103,542
1251,543
1281,544
1952,545
1960,546
2132,547
2160,548
2712,549
2739,550
2797,551
2988,552
1073,553
185,554
25,555
1907,556
2687,557
2968,558
3037,559
3087,560
3470,561
3473,562
2329,563
223,564
249,565
281,566
348,567
515,568
337,569
1179,570
1635,571
2395,572
2804,573
2871,574
3112,575
3462,576
3683,577
5293,578
55820,579
454,580
529,581
921,582
1218,583
1912,584
2355,585
3671,586
3959,587
434,588
474,589
163,590
551,591
272,592
1189,593
1232,594
1449,595
2117,596
2390,597
3608,598
4407,599
4873,600
5932,601
6773,602
6978,603
7069,604
8622,605
44191,606
1262,607
3448,608
4874,609
31658,610
49957,611
141,612
1376,613
1954,614
2288,615
2394,616
2572,617
2336,618
2700,619
3175,620
3751,621
4022,622
168,623
673,624
2628,625
3033,626
3253,627
3510,628
3916,629
4453,630
4568,631
4718,632
4963,633
5254,634
5349,635
5378,636
5954,637
6333,638
6365,639
6934,640
7454,641
8636,642
344,643
1367,644
2398,645
2691,646
2919,647
1396,648
2115,649
2529,650
2542,651
4641,652
5418,653
5995,654
7445,655
8340,656
8575,657
8581,658
45722,659
58103,660
58998,661
59501,662
678,663
1245,664
1293,665
1927,666
1953,667
1962,668
2788,669
3384,670
3501,671
145,672
2359,673
5299,674
41,675
1053,676
1357,677
362,678
1084,679
1090,680
1186,681
1237,682
1287,683
1299,684
1301,685
1350,686
1633,687
1639,688
1748,689
1810,690
1950,691
1994,692
2071,693
2120,694
2455,695
2501,696
2640,697
2647,698
2662,699
2746,700
2761,701
2987,702
3060,703
3098,704
3100,705
3135,706
5649,707
1688,708
1722,709
2006,710
2080,711
2268,712
4326,713
7371,714
648,715
73,716
3512,717
3396,718
3507,719
3730,720
7405,721
2,722
186,723
207,724
225,725
257,726
837,727
2918,728
336,729
1095,730
1238,731
1267,732
1292,733
2915,734
3019,735
3104,736
175,737
345,738
1060,739
1173,740
1175,741
1190,742
1279,743
2109,744
2165,745
2302,746
2503,747
2890,748
3108,749
3210,750
3360,751
3362,752
3418,753
3424,754
3481,755
3684,756
3911,757
3952,758
3967,759
4066,760
4079,761
2087,762
3554,763
3753,764
1171,765
2300,766
3052,767
3148,768
5060,769
7836,770
29,771
70,772
2706,773
2951,774
3429,775
3499,776
4103,777
4304,778
5540,779
6016,780
6787,781
6807,782
7004,783
7209,784
33166,785
3174,786
247,787
1275,788
1408,789
971,790
1663,791
2371,792
2470,793
2648,794
2000,795
3483,796
3980,797
524,798
610,799
1339,800
1442,801
1974,802
1976,803
2139,804
2707,805
2787,806
3105,807
3186,808
3552,809
3702,810
3917,811
3948,812
27878,813
63,814
88,815
180,816
212,817
250,818
514,819
543,820
671,821
784,822
785,823
1032,824
1121,825
1261,826
1297,827
1957,828
2118,829
2134,830
2144,831
2174,832
2195,833
2249,834
2271,835
2423,836
2504,837
2509,838
2642,839
2643,840
2952,841
3000,842
3394,843
3477,844
3511,845
3524,846
3526,847
3688,848
4012,849
4135,850
4149,851
4215,852
4221,853
4276,854
4280,855
4418,856
4509,857
4585,858
4591,859
4600,860
4732,861
4787,862
4799,863
4896,864
5055,865
5101,866
5125,867
5245,868
5255,869
5303,870
5310,871
5438,872
5584,873
5650,874
5679,875
5991,876
6157,877
6348,878
1298,879
3972,880
4327,881
5971,882
6711,883
6920,884
27592,885
27773,886
123,887
728,888
1411,889
5618,890
52,891
307,892
628,893
1645,894
3203,895
2541,896
3745,897
3798,898
140,899
9,900
1059,901
1407,902
198,903
288,904
319,905
431,906
444,907
5294,908
4886,909
5669,910
475,911
8961,912
59784,913
1127,914
661,915
1566,916
147,917
2011,918
2581,919
5541,920
6793,921
54286,922
280,923
361,924
911,925
1271,926
1370,927
412,928
1101,929
1216,930
1757,931
1921,932
2407,933
2731,934
2819,935
3359,936
4927,937
5782,938
6377,939
6385,940
7478,941
7762,942
7938,943
8195,944
8665,945
8970,946
553,947
681,948
968,949
1371,950
1466,951
1797,952
1916,953
1965,954
2021,955
2194,956
2311,957
2427,958
2696,959
3070,960
3168,961
3328,962
3519,963
3729,964
3740,965
4552,966
4571,967
4947,968
4964,969
5015,970
5334,971
6094,972
2012,973
222,974
230,975
350,976
488,977
892,978
1409,979
1569,980
1914,981
1948,982
1949,983
2243,984
2357,985
2863,986
3035,987
3062,988
3078,989
3111,990
3255,991
3543,992
114,993
154,994
613,995
1081,996
1650,997
1735,998
1959,999
2180,1000
2313,1001
2391,1002
2424,1003
2528,1004
2531,1005
2688,1006
2710,1007
2983,1008
3073,1009
105,1010
3004,1011
1129,1012
2204,1013
2210,1014
2594,1015
3476,1016
3706,1017
3741,1018
3947,1019
5198,1020
1391,1021
1967,1022
34405,1023
85,1024
663,1025
1105,1026
1120,1027
3456,1028
3910,1029
5388,1030
2944,1031
3508,1032
4085,1033
2344,1034
3868,1035
14,1036
55768,1037
342,1038
428,1039
1476,1040
1217,1041
276,1042
446,1043
531,1044
647,1045
1694,1046
2131,1047
2732,1048
2932,1049
2970,1050
3134,1051
3415,1052
3503,1053
3645,1054
4405,1055
4914,1056
4928,1057
6241,1058
6271,1059
6918,1060
7301,1061
7749,1062
7759,1063
8197,1064
8256,1065
8785,1066
25805,1067
26151,1068
26578,1069
3071,1070
176,1071
224,1072
501,1073
503,1074
535,1075
562,1076
1050,1077
1303,1078
1365,1079
1446,1080
1889,1081
2024,1082
2108,1083
2247,1084
2318,1085
2384,1086
2493,1087
2511,1088
2617,1089
2657,1090
2726,1091
2752,1092
2830,1093
2973,1094
2985,1095
3265,1096
3386,1097
3701,1098
3863,1099
3876,1100
3915,1101
3983,1102
4190,1103
4361,1104
4570,1105
4612,1106
4690,1107
4833,1108
5147,1109
5445,1110
5553,1111
6620,1112
6663,1113
6667,1114
7076,1115
7335,1116
7566,1117
7820,1118
8492,1119
8772,1120
8930,1121
26119,1122
26939,1123
40870,1124
47894,1125
48043,1126
48774,1127
49961,1128
55080,1129
56286,1130
1088,1131
2100,1132
2161,1133
3159,1134
3270,1135
3819,1136
4446,1137
5415,1138
6093,1139
1537,1140
2833,1141
986,1142
2137,1143
3093,1144
1917,1145
44,1146
762,1147
164,1148
3275,1149
3480,1150
4322,1151
5014,1152
5077,1153
5502,1154
5194,1155
6818,1156
8484,1157
26082,1158
252,1159
314,1160
800,1161
942,1162
2130,1163
2580,1164
3545,1165
3623,1166
3679,1167
4104,1168
6188,1169
8950,1170
33794,1171
41997,1172
1835,1173
2911,1174
1719,1175
5515,1176
5673,1177
6291,1178
2231,1179
3755,1180
4148,1181
4866,1182
5903,1183
5989,1184
7360,1185
8861,1186
8874,1187
8937,1188
27788,1189
27816,1190
30749,1191
30810,1192
31660,1193
31952,1194
33437,1195
34319,1196
34534,1197
35836,1198
39381,1199
40412,1200
42718,1201
44004,1202
44197,1203
48322,1204
52241,1205
55290,1206
416,1207
1241,1208
1597,1209
2278,1210
2948,1211
45,1212
4974,1213
5992,1214
6881,1215
493,1216
2625,1217
4442,1218
4466,1219
4887,1220
4901,1221
5463,1222
214,1223
2403,1224
3836,1225
4855,1226
5500,1227
8360,1228
27660,1229
30850,1230
31923,1231
32587,1232
1385,1233
2058,1234
2763,1235
3717,1236
4007,1237
1405,1238
3222,1239
5035,1240
5377,1241
5410,1242
6184,1243
653,1244
18,1245
413,1246
8010,1247
952,1248
1083,1249
2527,1250
1243,1251
1464,1252
1871,1253
1194,1254
1884,1255
1982,1256
2772,1257
4105,1258
4235,1259
4867,1260
5630,1261
7387,1262
7438,1263
27772,1264
5218,1265
2005,1266
2203,1267
570,1268
1066,1269
1859,1270
1956,1271
2303,1272
2321,1273
3152,1274
3469,1275
3852,1276
6270,1277
8530,1278
27803,1279
2078,1280
3196,1281
60069,1282
1321,1283
1772,1284
2241,1285
2406,1286
2779,1287
3785,1288
3821,1289
3859,1290
4458,1291
5938,1292
6724,1293
7647,1294
991,1295
2193,1296
534,1297
1347,1298
2717,1299
3918,1300
4850,1301
5069,1302
5305,1303
262,1304
425,1305
918,1306
1345,1307
1885,1308
2467,1309
2941,1310
4161,1311
1913,1312
79,1313
435,1314
520,1315
2083,1316
3181,1317
4828,1318
4990,1319
6183,1320
7147,1321
7227,1322
8784,1323
8915,1324
27815,1325
199,1326
1649,1327
2323,1328
26606,1329
4633,1330
5436,1331
2023,1332
3034,1333
3498,1334
47629,1335
144,1336
1461,1337
5573,1338
82,1339
299,1340
2369,1341
3579,1342
3844,1343
5816,1344
7334,1345
1191,1346
2105,1347
2600,1348
542,1349
550,1350
724,1351
840,1352
1485,1353
1717,1354
2026,1355
2279,1356
2315,1357
2385,1358
2485,1359
2500,1360
2548,1361
2714,1362
2759,1363
2799,1364
2888,1365
2977,1366
7090,1367
7827,1368
8225,1369
33683,1370
308,1371
365,1372
947,1373
938,1374
2022,1375
2857,1376
3361,1377
2125,1378
6947,1379
1280,1380
8640,1381
372,1382
3117,1383
4279,1384
215,1385
27839,1386
1078,1387
1343,1388
5985,1389
22,1390
477,1391
596,1392
27741,1393
39183,1394
49,1395
1416,1396
5221,1397
46578,1398
1918,1399
3005,1400
3176,1401
4447,1402
220,1403
3624,1404
3777,1405
3804,1406
6213,1407
6219,1408
4816,1409
23,1410
95,1411
376,1412
304,1413
491,1414
1167,1415
2494,1416
4166,1417
417,1418
2347,1419
2750,1420
2912,1421
5893,1422
298,1423
649,1424
1575,1425
1879,1426
2175,1427
2282,1428
3047,1429
3419,1430
3494,1431
146,1432
484,1433
1375,1434
1702,1435
1713,1436
2142,1437
2429,1438
627,1439
2841,1440
59315,1441
1586,1442
2116,1443
4033,1444
6645,1445
1289,1446
1320,1447
1493,1448
1964,1449
3677,1450
3927,1451
3504,1452
5792,1453
2519,1454
2565,1455
3044,1456
3256,1457
3699,1458
3735,1459
3930,1460
2713,1461
3826,1462
1544,1463
4916,1464
5010,1465
6595,1466
8810,1467
53519,1468
53996,1469
54995,1470
3408,1471
2360,1472
6502,1473
2393,1474
3091,1475
3198,1476
5135,1477
5481,1478
6721,1479
6942,1480
7086,1481
7771,1482
8253,1483
26776,1484
30803,1485
42632,1486
56171,1487
1419,1488
4251,1489
48,1490
158,1491
237,1492
2851,1493
3302,1494
6104,1495
7925,1496
8012,1497
48516,1498
55,1499
3115,1500
3720,1501
4197,1502
940,1503
4734,1504
5498,1505
37830,1506
585,1507
1192,1508
1734,1509
53550,1510
3267,1511
5244,1512
6242,1513
6761,1514
7022,1515
8604,1516
8947,1517
8533,1518
57243,1519
482,1520
606,1521
422,1522
423,1523
1344,1524
1995,1525
2121,1526
2122,1527
2517,1528
2898,1529
3557,1530
3708,1531
4124,1532
4354,1533
4808,1534
4902,1535
94,1536
1007,1537
1124,1538
1924,1539
2539,1540
7460,1541
8014,1542
26150,1543
852,1544
327,1545
1608,1546
4975,1547
6672,1548
8873,1549
31410,1550
33903,1551
40819,1552
44022,1553
47423,1554
48783,1555
51091,1556
51931,1557
53318,1558
53956,1559
55052,1560
55267,1561
58559,1562
60293,1563
1176,1564
1441,1565
1643,1566
1870,1567
2068,1568
3252,1569
5681,1570
5690,1571
7143,1572
7306,1573
55908,1574
2521,1575
8910,1576
2190,1577
2801,1578
1012,1579
1257,1580
2575,1581
3260,1582
3742,1583
6178,1584
6780,1585
668,1586
2848,1587
2920,1588
3202,1589
4370,1590
5056,1591
5121,1592
6981,1593
6988,1594
8609,1595
30701,1596
55063,1597
55363,1598
2320,1599
2664,1600
2340,1601
8368,1602
5489,1603
7349,1604
36708,1605
4239,1606
4776,1607
6887,1608
26865,1609
33660,1610
37731,1611
42725,1612
43708,1613
48304,1614
49278,1615
55765,1616
57528,1617
59016,1618
59336,1619
60126,1620
2795,1621
907,1622
1747,1623
2690,1624
7373,1625
34072,1626
3451,1627
5152,1628
7027,1629
69,1630
3581,1631
173,1632
204,1633
381,1634
442,1635
2138,1636
2312,1637
5287,1638
662,1639
934,1640
1019,1641
1013,1642
1085,1643
1340,1644
2069,1645
2236,1646
1668,1647
5881,1648
8800,1649
1111,1650
3097,1651
1477,1652
1621,1653
2314,1654
2567,1655
3535,1656
4223,1657
26,1658
2641,1659
2745,1660
2751,1661
2840,1662
2881,1663
492,1664
927,1665
3201,1666
6247,1667
3183,1668
906,1669
936,1670
2936,1671
53972,1672
1883,1673
2971,1674
5464,1675
3964,1676
6250,1677
8132,1678
36529,1679
39444,1680
49772,1681
54745,1682
55872,1683
56788,1684
59615,1685
60072,1686
2805,1687
208,1688
485,1689
1513,1690
1591,1691
1806,1692
1855,1693
2088,1694
2143,1695
3178,1696
1456,1697
4019,1698
233,1699
1585,1700
3505,1701
2096,1702
2404,1703
799,1704
849,1705
621,1706
1100,1707
3689,1708
506,1709
1135,1710
1290,1711
2057,1712
2140,1713
2294,1714
2993,1715
3450,1716
3857,1717
4095,1718
4228,1719
4242,1720
4318,1721
4506,1722
4523,1723
4541,1724
4681,1725
4692,1726
4981,1727
5004,1728
5016,1729
5033,1730
5442,1731
5829,1732
53,1733
581,1734
2351,1735
2677,1736
2776,1737
3461,1738
191,1739
312,1740
1017,1741
1459,1742
2442,1743
2929,1744
3823,1745
4055,1746
5447,1747
33832,1748
39886,1749
41527,1750
3317,1751
6982,1752
44204,1753
45950,1754
125,1755
665,1756
702,1757
3770,1758
2497,1759
2724,1760
2399,1761
3556,1762
4344,1763
44555,1764
2373,1765
3555,1766
1026,1767
2085,1768
2725,1769
2882,1770
3002,1771
4167,1772
4876,1773
5391,1774
315,1775
320,1776
2255,1777
3301,1778
4814,1779
4903,1780
5151,1781
66,1782
1545,1783
1624,1784
1226,1785
468,1786
19,1787
217,1788
2930,1789
49272,1790
51662,1791
465,1792
518,1793
1031,1794
1498,1795
1690,1796
1752,1797
1814,1798
2003,1799
2377,1800
408,1801
3617,1802
101,1803
1833,1804
81,1805
481,1806
1027,1807
1587,1808
1392,1809
1670,1810
2189,1811
2232,1812
2949,1813
4220,1814
6237,1815
6448,1816
7831,1817
278,1818
1040,1819
1076,1820
1474,1821
2133,1822
2844,1823
2445,1824
45928,1825
2859,1826
4529,1827
1876,1828
1654,1829
3694,1830
48780,1831
97,1832
868,1833
818,1834
1909,1835
2723,1836
31,1837
6214,1838
6948,1839
7254,1840
8593,1841
8958,1842
8977,1843
45081,1844
196,1845
3746,1846
26425,1847
6283,1848
532,1849
1177,1850
6294,1851
8974,1852
47644,1853
944,1854
1873,1855
2430,1856
2439,1857
3103,1858
3333,1859
3425,1860
3449,1861
3496,1862
3724,1863
6305,1864
7577,1865
26122,1866
1025,1867
37384,1868
92,1869
135,1870
1755,1871
3214,1872
2037,1873
2168,1874
2188,1875
218,1876
268,1877
4043,1878
4484,1879
4998,1880
5118,1881
6162,1882
1202,1883
2124,1884
2463,1885
2239,1886
1372,1887
2001,1888
3654,1889
3984,1890
4045,1891
4411,1892
4795,1893
273,1894
331,1895
3936,1896
5940,1897
7122,1898
781,1899
880,1900
850,1901
7104,1902
52281,1903
456,1904
1008,1905
2070,1906
5444,1907
5975,1908
7840,1909
8404,1910
5225,1911
15,1912
1149,1913
6216,1914
86,1915
2114,1916
2145,1917
2524,1918
1361,1919
3700,1920
1020,1921
1054,1922
1093,1923
43,1924
6731,1925
33834,1926
1619,1927
2472,1928
37741,1929
3107,1930
6482,1931
2538,1932
1470,1933
1603,1934
2013,1935
2550,1936
4443,1937
4844,1938
5667,1939
1049,1940
4016,1941
4563,1942
6266,1943
6568,1944
985,1945
3537,1946
3066,1947
170,1948
2016,1949
2055,1950
3387,1951
4053,1952
4142,1953
4701,1954
48883,1955
3045,1956
3094,1957
3118,1958
4128,1959
703,1960
1473,1961
2843,1962
7034,1963
76,1964
2050,1965
4815,1966
7154,1967
7318,1968
7395,1969
1589,1970
1829,1971
5944,1972
6261,1973
5011,1974
6722,1975
3398,1976
448,1977
1397,1978
1642,1979
3259,1980
5425,1981
869,1982
1011,1983
2693,1984
3153,1985
3599,1986
3675,1987
51255,1988
7789,1989
445,1990
552,1991
2419,1992
1384,1993
1417,1994
6195,1995
1546,1996
1472,1997
255,1998
354,1999
424,2000
528,2001
1439,2002
1958,2003
2374,2004
190,2005
189,2006
2090,2007
2803,2008
4002,2009
4508,2010
4519,2011
5159,2012
5597,2013
5882,2014
6170,2015
7178,2016
7355,2017
8376,2018
27899,2019
32031,2020
33880,2021
2172,2022
4748,2023
6679,2024
7346,2025
201,2026
351,2027
415,2028
486,2029
505,2030
516,2031
688,2032
1440,2033
999,2034
148,2035
3138,2036
2420,2037
4642,2038
2084,2039
5103,2040
41566,2041
4476,2042
8008,2043
33493,2044
833,2045
1429,2046
615,2047
5204,2048
7088,2049
7216,2050
3223,2051
3626,2052
5640,2053
6987,2054
7564,2055
38038,2056
228,2057
650,2058
5820,2059
6533,2060
2935,2061
3036,2062
5137,2063
44195,2064
46559,2065
48385,2066
2861,2067
3412,2068
33171,2069
38886,2070
4037,2071
2177,2072
6454,2073
8879,2074
27005,2075
31420,2076
51080,2077
52375,2078
52604,2079
638,2080
160,2081
1856,2082
2112,2083
2490,2084
2661,2085
2669,2086
2727,2087
2922,2088
3194,2089
3213,2090
3303,2091
3334,2092
3536,2093
3790,2094
2280,2095
3300,2096
358,2097
3446,2098
2491,2099
2744,2100
1163,2101
2297,2102
3129,2103
4191,2104
2269,2105
44788,2106
54503,2107
2946,2108
2989,2109
4040,2110
4603,2111
5241,2112
5308,2113
7573,2114
4881,2115
6123,2116
7265,2117
4146,2118
7843,2119
55276,2120
2518,2121
2354,2122
42734,2123
2287,2124
2363,2125
4321,2126
2926,2127
3211,2128
1805,2129
1395,2130
467,2131
347,2132
2041,2133
2560,2134
5643,2135
5684,2136
6770,2137
7167,2138
8485,2139
27728,2140
36527,2141
41571,2142
41863,2143
3316,2144
6857,2145
2694,2146
51660,2147
4540,2148
4578,2149
4601,2150
4672,2151
5769,2152
6345,2153
6357,2154
6760,2155
326,2156
3752,2157
517,2158
5066,2159
2555,2160
52975,2161
3083,2162
2459,2163
6979,2164
645,2165
1596,2166
1875,2167
1896,2168
2206,2169
2622,2170
2770,2171
7419,2172
7810,2173
7811,2174
1389,2175
2719,2176
2784,2177
3809,2178
39231,2179
2386,2180
523,2181
2757,2182
3007,2183
3851,2184
3467,2185
6001,2186
7365,2187
3549,2188
3811,2189
2582,2190
4638,2191
4757,2192
2769,2193
4031,2194
4391,2195
8638,2196
55094,2197
2146,2198
3018,2199
5383,2200
7035,2201
7984,2202
8773,2203
42738,2204
45499,2205
54001,2206
3185,2207
5313,2208
283,2209
479,2210
1378,2211
1693,2212
2110,2213
2259,2214
2475,2215
2598,2216
3761,2217
3764,2218
3841,2219
4082,2220
4089,2221
4126,2222
4207,2223
4477,2224
4597,2225
5139,2226
5180,2227
5239,2228
373,2229
45028,2230
634,2231
1353,2232
1410,2233
1556,2234
8361,2235
39427,2236
388,2237
5812,2238
1919,2239
4857,2240
52245,2241
776,2242
1666,2243
2370,2244
2943,2245
3668,2246
4189,2247
203,2248
4564,2249
862,2250
1660,2251
1931,2252
2009,2253
30793,2254
55284,2255
2412,2256
2953,2257
5025,2258
36519,2259
49651,2260
56176,2261
6902,2262
58627,2263
824,2264
1236,2265
2481,2266
3266,2267
3329,2268
4056,2269
4432,2270
4467,2271
4500,2272
311,2273
418,2274
4035,2275
4236,2276
4668,2277
5873,2278
5875,2279
6002,2280
637,2281
6668,2282
30825,2283
2361,2284
4624,2285
5780,2286
39869,2287
54281,2288
4144,2289
6151,2290
7089,2291
8656,2292
8848,2293
32649,2294
33564,2295
956,2296
4911,2297
5120,2298
7018,2299
7763,2300
8914,2301
3082,2302
2126,2303
2162,2304
5026,2305
5027,2306
1401,2307
5073,2308
322,2309
860,2310
3615,2311
3221,2312
1420,2313
1770,2314
421,2315
1951,2316
2046,2317
2448,2318
2815,2319
2826,2320
2899,2321
2990,2322
3247,2323
3672,2324
3926,2325
3963,2326
4296,2327
4544,2328
4562,2329
4812,2330
4835,2331
4909,2332
4945,2333
5012,2334
5353,2335
1925,2336
25774,2337
26555,2338
27869,2339
44849,2340
56339,2341
896,2342
2894,2343
4285,2344
4784,2345
4871,2346
5172,2347
5238,2348
5563,2349
43376,2350
52952,2351
7572,2352
1373,2353
43560,2354
84,2355
1113,2356
3341,2357
3712,2358
3795,2359
3816,2360
5923,2361
7132,2362
46965,2363
390,2364
3760,2365
7042,2366
1286,2367
4577,2368
670,2369
3457,2370
4248,2371
4373,2372
4965,2373
5074,2374
3635,2375
4444,2376
3787,2377
36537,2378
48412,2379
2940,2380
301,2381
1082,2382
1900,2383
3188,2384
3423,2385
4008,2386
4297,2387
4586,2388
5685,2389
6218,2390
8951,2391
50872,2392
58490,2393
5747,2394
692,2395
808,2396
836,2397
2260,2398
1033,2399
5981,2400
3604,2401
3605,2402
4349,2403
4396,2404
5105,2405
2073,2406
5878,2407
4640,2408
4646,2409
6892,2410
287,2411
1812,2412
2605,2413
2051,2414
725,2415
2245,2416
4936,2417
3632,2418
6031,2419
6499,2420
6509,2421
6671,2422
6837,2423
6896,2424
7068,2425
7135,2426
7485,2427
7758,2428
2822,2429
4533,2430
8928,2431
3068,2432
3074,2433
3783,2434
4025,2435
5359,2436
432,2437
2413,2438
4452,2439
2283,2440
1015,2441
4018,2442
5240,2443
8464,2444
568,2445
1780,2446
1955,2447
2613,2448
3430,2449
4644,2450
6335,2451
8270,2452
27834,2453
1601,2454
2199,2455
2332,2456
2718,2457
3358,2458
387,2459
2975,2460
4227,2461
183,2462
507,2463
5632,2464
26246,2465
27727,2466
53447,2467
55442,2468
55555,2469
3242,2470
3551,2471
3731,2472
3993,2473
4029,2474
4793,2475
419,2476
1099,2477
3922,2478
3955,2479
719,2480
1726,2481
2276,2482
2335,2483
2583,2484
1836,2485
2454,2486
3090,2487
3133,2488
4021,2489
75,2490
1438,2491
751,2492
1306,2493
939,2494
946,2495
5021,2496
5279,2497
5421,2498
5485,2499
5575,2500
5633,2501
6072,2502
6820,2503
7020,2504
7061,2505
7489,2506
8264,2507
59387,2508
2079,2509
5507,2510
49130,2511
56156,2512
205,2513
1414,2514
2621,2515
2123,2516
438,2517
1612,2518
3092,2519
34164,2520
36276,2521
51694,2522
2921,2523
172,2524
56782,2525
2862,2526
619,2527
656,2528
664,2529
763,2530
789,2531
822,2532
823,2533
827,2534
828,2535
843,2536
844,2537
845,2538
846,2539
847,2540
853,2541
855,2542
856,2543
857,2544
864,2545
865,2546
867,2547
870,2548
873,2549
874,2550
875,2551
878,2552
879,2553
882,2554
884,2555
980,2556
1039,2557
1000,2558
1305,2559
4501,2560
4971,2561
5479,2562
3132,2563
1892,2564
4770,2565
5803,2566
5956,2567
6280,2568
6950,2569
7321,2570
7325,2571
8369,2572
8860,2573
27837,2574
31867,2575
34532,2576
37386,2577
43936,2578
48161,2579
49265,2580
49793,2581
49910,2582
51933,2583
54004,2584
56587,2585
27873,2586
1593,2587
4067,2588
4039,2589
6319,2590
4062,2591
302,2592
5607,2593
26840,2594
46,2595
726,2596
2330,2597
4704,2598
6311,2599
6565,2600
181,2601
227,2602
548,2603
3892,2604
4003,2605
4080,2606
4932,2607
6238,2608
6259,2609
1839,2610
2546,2611
2800,2612
193,2613
521,2614
6890,2615
8917,2616
33677,2617
3003,2618
4237,2619
6368,2620
7482,2621
32657,2622
60766,2623
26231,2624
5791,2625
7587,2626
47725,2627
54190,2628
1845,2629
2305,2630
2094,2631
5039,2632
5452,2633
289,2634
2630,2635
4216,2636
1647,2637
3968,2638
8711,2639
25850,2640
334,2641
3966,2642
1542,2643
1711,2644
3704,2645
4006,2646
4553,2647
3479,2648
6350,2649
6125,2650
50064,2651
229,2652
8838,2653
4427,2654
7256,2655
460,2656
1942,2657
2644,2658
4278,2659
5087,2660
5398,2661
5644,2662
4054,2663
4424,2664
2135,2665
2198,2666
2234,2667
2293,2668
2296,2669
617,2670
618,2671
633,2672
660,2673
807,2674
1359,2675
1002,2676
1454,2677
2893,2678
2924,2679
1665,2680
7317,2681
2681,2682
3830,2683
4889,2684
3420,2685
2747,2686
6867,2687
1620,2688
3155,2689
338,2690
1037,2691
1255,2692
4092,2693
6239,2694
6303,2695
8677,2696
39052,2697
52328,2698
360,2699
533,2700
810,2701
526,2702
984,2703
2014,2704
6327,2705
4217,2706
1346,2707
3304,2708
335,2709
2771,2710
4136,2711
2342,2712
1831,2713
4310,2714
6287,2715
7139,2716
7347,2717
8534,2718
8908,2719
43917,2720
166,2721
385,2722
1609,2723
1613,2724
1614,2725
1651,2726
1652,2727
1661,2728
1662,2729
1667,2730
1671,2731
1744,2732
1268,2733
1893,2734
3020,2735
6776,2736
3544,2737
2382,2738
2383,2739
3054,2740
57,2741
4378,2742
929,2743
2063,2744
2209,2745
1611,2746
2435,2747
3271,2748
1858,2749
3614,2750
2128,2751
2766,2752
3733,2753
6772,2754
1114,2755
1555,2756
6306,2757
6586,2758
27792,2759
3763,2760
5358,2761
766,2762
3893,2763
4410,2764
4543,2765
2431,2766
1759,2767
5890,2768
7841,2769
2775,2770
2825,2771
1975,2772
2107,2773
7259,2774
3338,2775
2054,2776
4623,2777
248,2778
575,2779
3618,2780
5064,2781
872,2782
240,2783
3593,2784
577,2785
47640,2786
1941,2787
498,2788
2101,2789
1866,2790
4489,2791
4602,2792
3988,2793
841,2794
3989,2795
4711,2796
5054,2797
5059,2798
5288,2799
5497,2800
5968,2801
6215,2802
6669,2803
6873,2804
7136,2805
8228,2806
8949,2807
38,2808
2059,2809
3296,2810
3713,2811
4337,2812
6441,2813
1331,2814
4758,2815
5582,2816
4339,2817
537,2818
2907,2819
4195,2820
4291,2821
8983,2822
44709,2823
35957,2824
50842,2825
7162,2826
3901,2827
4265,2828
4535,2829
5446,2830
5483,2831
5611,2832
6212,2833
33826,2834
787,2835
5955,2836
7158,2837
8865,2838
2735,2839
6163,2840
4069,2841
46976,2842
4272,2843
3548,2844
6516,2845
6879,2846
6984,2847
7324,2848
7444,2849
3981,2850
8644,2851
717,2852
609,2853
1460,2854
2495,2855
3801,2856
3871,2857
1533,2858
4218,2859
50658,2860
50851,2861
63131,2862
6765,2863
7437,2864
3872,2865
4970,2866
4270,2867
4842,2868
1792,2869
2322,2870
31184,2871
3251,2872
948,2873
1016,2874
1969,2875
1970,2876
1973,2877
2091,2878
2792,2879
4047,2880
4487,2881
45880,2882
49286,2883
1507,2884
5721,2885
5337,2886
8169,2887
60,2888
6696,2889
31114,2890
1046,2891
8948,2892
2173,2893
2512,2894
3486,2895
4774,2896
6367,2897
7013,2898
33639,2899
42004,2900
4389,2901
1310,2902
3680,2903
7484,2904
7834,2905
8516,2906
8767,2907
25764,2908
4884,2909
2659,2910
116,2911
775,2912
7748,2913
4786,2914
5250,2915
6618,2916
78,2917
1793,2918
184,2919
3858,2920
41285,2921
3276,2922
136,2923
4558,2924
33615,2925
2392,2926
1701,2927
4350,2928
4725,2929
834,2930
2976,2931
3441,2932
3616,2933
30,2934
5784,2935
4132,2936
1592,2937
1616,2938
3284,2939
1518,2940
6571,2941
3163,2942
743,2943
439,2944
1899,2945
26116,2946
3521,2947
5604,2948
2730,2949
6299,2950
6193,2951
8972,2952
2002,2953
2616,2954
4478,2955
4495,2956
8045,2957
2660,2958
3075,2959
6856,2960
7079,2961
2341,2962
993,2963
1161,2964
1728,2965
2972,2966
3053,2967
512,2968
2147,2969
2453,2970
2986,2971
41569,2972
4333,2973
5513,2974
58295,2975
959,2976
49530,2977
51575,2978
52694,2979
7000,2980
54272,2981
60040,2982
3405,2983
3539,2984
1910,2985
34162,2986
3350,2987
3240,2988
4537,2989
195,2990
374,2991
502,2992
4780,2993
1014,2994
2378,2995
2606,2996
4102,2997
274,2998
2697,2999
8019,3000
26203,3001
26242,3002
26285,3003
32078,3004
1516,3005
1730,3006
1897,3007
3281,3008
3979,3009
876,3010
4438,3011
4441,3012
8039,3013
835,3014
2721,3015
33838,3016
50601,3017
705,3018
36535,3019
44665,3020
62394,3021
716,3022
4515,3023
3794,3024
3308,3025
4608,3026
59126,3027
6534,3028
7439,3029
4179,3030
5504,3031
6290,3032
6376,3033
6707,3034
7369,3035
8221,3036
8985,3037
40851,3038
46948,3039
48518,3040
48591,3041
48678,3042
51939,3043
53121,3044
54785,3045
55282,3046
55995,3047
58105,3048
7844,3049
8805,3050
7099,3051
4343,3052
2755,3053
5368,3054
5899,3055
8690,3056
4098,3057
5282,3058
490,3059
659,3060
2939,3061
2171,3062
943,3063
1926,3064
2077,3065
3969,3066
4448,3067
33646,3068
42,3069
132,3070
251,3071
120,3072
2417,3073
489,3074
1423,3075
1938,3076
2433,3077
2806,3078
2827,3079
3238,3080
3274,3081
3325,3082
4699,3083
1068,3084
3445,3085
4709,3086
4804,3087
4830,3088
3658,3089
38304,3090
976,3091
1753,3092
3628,3093
2699,3094
3639,3095
5065,3096
1034,3097
2437,3098
3950,3099
5312,3100
5843,3101
6027,3102
987,3103
1162,3104
1783,3105
2577,3106
2885,3107
4090,3108
4119,3109
4811,3110
5732,3111
5801,3112
6134,3113
6200,3114
6636,3115
6638,3116
7708,3117
7716,3118
8623,3119
26476,3120
658,3121
2991,3122
7720,3123
46723,3124
4273,3125
759,3126
5577,3127
6341,3128
1791,3129
3235,3130
30812,3131
6375,3132
3206,3133
2285,3134
3347,3135
3788,3136
3813,3137
4283,3138
5341,3139
5544,3140
5638,3141
5680,3142
6436,3143
7062,3144
7095,3145
7304,3146
7714,3147
8337,3148
8451,3149
26199,3150
33154,3151
4046,3152
504,3153
56251,3154
60832,3155
61323,3156
62849,3157
7121,3158
831,3159
2421,3160
3012,3161
3263,3162
46850,3163
964,3164
1943,3165
2409,3166
4231,3167
2197,3168
2250,3169
1773,3170
5002,3171
5003,3172
5333,3173
5022,3174
26495,3175
58297,3176
3489,3177
3250,3178
6378,3179
121,3180
1648,3181
3049,3182
4316,3183
7982,3184
605,3185
6201,3186
51471,3187
4184,3188
48262,3189
5949,3190
1727,3191
2676,3192
8981,3193
2937,3194
8651,3195
4175,3196
4813,3197
4351,3198
3903,3199
4208,3200
3592,3201
1699,3202
580,3203
1457,3204
1902,3205
1750,3206
2999,3207
7247,3208
4174,3209
4188,3210
4849,3211
4892,3212
5453,3213
6422,3214
6450,3215
6779,3216
7009,3217
7125,3218
7303,3219
7440,3220
7493,3221
7618,3222
7619,3223
8147,3224
8982,3225
30848,3226
31030,3227
31251,3228
49822,3229
55280,3230
5477,3231
7773,3232
33725,3233
2408,3234
3506,3235
3634,3236
798,3237
958,3238
961,3239
2562,3240
129,3241
138,3242
402,3243
790,3244
791,3245
816,3246
821,3247
895,3248
989,3249
997,3250
1045,3251
1052,3252
1058,3253
1062,3254
1063,3255
1071,3256
1102,3257
1112,3258
1115,3259
1116,3260
1118,3261
1119,3262
1134,3263
1137,3264
1140,3265
1142,3266
1143,3267
1144,3268
1145,3269
1146,3270
1165,3271
1168,3272
1308,3273
1309,3274
1312,3275
1313,3276
1314,3277
1315,3278
1316,3279
1318,3280
1319,3281
1351,3282
1355,3283
1360,3284
1366,3285
1368,3286
1383,3287
2748,3288
6067,3289
3010,3290
27674,3291
1554,3292
2632,3293
5104,3294
5783,3295
77,3296
1329,3297
5465,3298
71,3299
3156,3300
2036,3301
4154,3302
93,3303
3258,3304
33750,3305
44657,3306
1857,3307
4579,3308
8966,3309
2962,3310
1087,3311
4193,3312
4588,3313
4589,3314
4951,3315
4980,3316
5361,3317
5409,3318
3057,3319
4247,3320
2045,3321
4168,3322
5357,3323
4765,3324
3855,3325
3953,3326
1844,3327
2837,3328
7396,3329
2923,3330
1501,3331
1811,3332
2388,3333
2764,3334
4212,3335
4738,3336
4766,3337
3179,3338
8528,3339
3110,3340
1801,3341
2522,3342
4224,3343
4367,3344
5256,3345
5284,3346
5324,3347
5787,3348
5943,3349
713,3350
795,3351
1582,3352
9010,3353
3143,3354
2201,3355
3199,3356
3580,3357
3598,3358
4384,3359
5570,3360
6041,3361
8943,3362
55946,3363
56885,3364
3621,3365
7080,3366
8258,3367
8261,3368
25750,3369
25954,3370
27664,3371
178,3372
2042,3373
3146,3374
8663,3375
103,3376
639,3377
4888,3378
256,3379
2025,3380
888,3381
2060,3382
37739,3383
525,3384
179,3385
2097,3386
3929,3387
426,3388
37240,3389
3015,3390
3261,3391
1895,3392
2492,3393
5401,3394
5765,3395
2141,3396
4992,3397
30822,3398
33669,3399
391,3400
152,3401
722,3402
757,3403
2348,3404
3693,3405
3781,3406
3782,3407
3827,3408
4026,3409
5666,3410
6764,3411
8641,3412
26696,3413
32029,3414
100,3415
2813,3416
3192,3417
5619,3418
5847,3419
6331,3420
6777,3421
7084,3422
7979,3423
25930,3424
26163,3425
26729,3426
1787,3427
3492,3428
5752,3429
6584,3430
7075,3431
1707,3432
3096,3433
3547,3434
45730,3435
53460,3436
4428,3437
4769,3438
4798,3439
26111,3440
7007,3441
7826,3442
139,3443
392,3444
744,3445
5678,3446
48032,3447
3925,3448
5184,3449
31433,3450
41573,3451
1906,3452
3985,3453
27879,3454
343,3455
830,3456
1798,3457
2310,3458
3453,3459
4372,3460
5969,3461
6006,3462
7169,3463
7173,3464
7375,3465
8968,3466
32298,3467
32598,3468
51084,3469
27846,3470
7156,3471
40414,3472
4976,3473
761,3474
1991,3475
2397,3476
7160,3477
31528,3478
652,3479
7118,3480
7915,3481
27905,3482
51709,3483
4614,3484
26614,3485
36513,3486
2337,3487
4419,3488
4433,3489
7713,3490
960,3491
3128,3492
3789,3493
126,3494
1030,3495
39234,3496
3951,3497
4160,3498
4342,3499
571,3500
8998,3501
45668,3502
3144,3503
5428,3504
4632,3505
6810,3506
51925,3507
1992,3508
1767,3509
7406,3510
839,3511
3177,3512
4371,3513
6849,3514
1887,3515
2339,3516
1334,3517
59725,3518
2049,3519
4727,3520
4880,3521
2432,3522
6155,3523
31685,3524
4329,3525
4426,3526
6599,3527
7115,3528
8684,3529
32892,3530
5936,3531
7947,3532
26359,3533
26694,3534
31522,3535
2611,3536
5316,3537
6748,3538
7486,3539
8016,3540
26172,3541
26313,3542
33896,3543
42900,3544
45720,3545
4041,3546
6124,3547
6230,3548
7059,3549
7702,3550
2327,3551
450,3552
113,3553
25833,3554
51086,3555
8798,3556
2720,3557
1615,3558
1550,3559
2963,3560
4778,3561
5329,3562
5461,3563
6222,3564
6676,3565
6868,3566
7039,3567
7377,3568
8532,3569
8667,3570
26178,3571
27604,3572
31807,3573
33672,3574
37382,3575
536,3576
2446,3577
6075,3578
6461,3579
463,3580
459,3581
4155,3582
8371,3583
4705,3584
40581,3585
5629,3586
7705,3587
7833,3588
2781,3589
2689,3590
5375,3591
2875,3592
4169,3593
32019,3594
3171,3595
707,3596
2618,3597
4763,3598
8365,3599
43333,3600
5224,3601
470,3602
2597,3603
3997,3604
4254,3605
4368,3606
5171,3607
6769,3608
8957,3609
2086,3610
4024,3611
1816,3612
2900,3613
3627,3614
3833,3615
4628,3616
4670,3617
49280,3618
679,3619
455,3620
469,3621
6503,3622
6548,3623
4301,3624
2568,3625
4143,3626
303,3627
2722,3628
5914,3629
3973,3630
4788,3631
3141,3632
451,3633
1381,3634
2111,3635
3397,3636
35,3637
3799,3638
5351,3639
797,3640
854,3641
1184,3642
6269,3643
5600,3644
6796,3645
8814,3646
40278,3647
2624,3648
1846,3649
3298,3650
8117,3651
26294,3652
4290,3653
4555,3654
6983,3655
8695,3656
26422,3657
1692,3658
5960,3659
407,3660
332,3661
963,3662
1421,3663
2364,3664
2405,3665
4133,3666
4403,3667
4429,3668
4706,3669
4789,3670
4982,3671
5143,3672
5199,3673
5214,3674
5389,3675
5420,3676
5480,3677
5699,3678
5927,3679
5983,3680
6169,3681
6186,3682
6405,3683
6658,3684
6840,3685
6859,3686
6991,3687
7190,3688
7225,3689
7675,3690
7743,3691
7770,3692
7845,3693
8158,3694
8401,3695
8650,3696
8923,3697
30996,3698
32139,3699
6617,3700
5196,3701
556,3702
1153,3703
1922,3704
2440,3705
3586,3706
1590,3707
3050,3708
4108,3709
4486,3710
7766,3711
1488,3712
735,3713
3822,3714
5000,3715
6140,3716
4805,3717
1809,3718
1064,3719
5051,3720
389,3721
2307,3722
3652,3723
5267,3724
5110,3725
6957,3726
34338,3727
2428,3728
31437,3729
57274,3730
63062,3731
1574,3732
1581,3733
2170,3734
2886,3735
3182,3736
3932,3737
8044,3738
8094,3739
632,3740
149,3741
1151,3742
8507,3743
8797,3744
990,3745
2365,3746
8011,3747
2544,3748
7698,3749
4736,3750
1447,3751
2410,3752
2574,3753
3032,3754
4023,3755
33,3756
37,3757
779,3758
2152,3759
2905,3760
5493,3761
5621,3762
6263,3763
51412,3764
56775,3765
3173,3766
729,3767
1406,3768
1502,3769
2964,3770
3218,3771
3514,3772
3727,3773
4252,3774
4271,3775
4325,3776
4423,3777
4439,3778
4546,3779
4658,3780
4702,3781
4731,3782
4806,3783
4847,3784
4872,3785
5009,3786
5028,3787
5112,3788
5297,3789
861,3790
3824,3791
2824,3792
56001,3793
7299,3794
7352,3795
27731,3796
2867,3797
4141,3798
4823,3799
2426,3800
483,3801
771,3802
2789,3803
3587,3804
4767,3805
4468,3806
27790,3807
1511,3808
3426,3809
4259,3810
6374,3811
4111,3812
4117,3813
2586,3814
31878,3815
5219,3816
6332,3817
7382,3818
54732,3819
754,3820
4185,3821
1686,3822
2496,3823
6358,3824
8131,3825
60397,3826
5937,3827
2156,3828
54736,3829
174,3830
427,3831
2708,3832
4072,3833
4470,3834
5888,3835
8633,3836
4299,3837
4956,3838
58303,3839
7037,3840
124,3841
574,3842
1415,3843
1514,3844
573,3845
4822,3846
1174,3847
1503,3848
5945,3849
7932,3850
27523,3851
2782,3852
2913,3853
31225,3854
38388,3855
40148,3856
42730,3857
26280,3858
2883,3859
3944,3860
3831,3861
3898,3862
4234,3863
6424,3864
26133,3865
31162,3866
42018,3867
52973,3868
56805,3869
60487,3870
60756,3871
61132,3872
3385,3873
4617,3874
5075,3875
5416,3876
134,3877
4312,3878
51884,3879
6056,3880
6233,3881
8013,3882
55830,3883
1687,3884
6561,3885
6970,3886
6974,3887
7058,3888
8183,3889
4966,3890
4654,3891
6602,3892
6616,3893
5947,3894
55732,3895
8542,3896
6755,3897
5818,3898
1432,3899
2267,3900
2809,3901
3749,3902
5508,3903
6538,3904
26052,3905
27408,3906
46855,3907
4241,3908
5672,3909
6371,3910
393,3911
6045,3912
2656,3913
3659,3914
4392,3915
6993,3916
7234,3917
1756,3918
2533,3919
2615,3920
2634,3921
3017,3922
3840,3923
4532,3924
4691,3925
4915,3926
1996,3927
3063,3928
3077,3929
4712,3930
6481,3931
973,3932
5615,3933
5635,3934
5682,3935
5686,3936
5788,3937
5809,3938
6008,3939
6708,3940
433,3941
4864,3942
996,3943
935,3944
90,3945
118,3946
554,3947
2376,3948
6785,3949
685,3950
1043,3951
384,3952
5472,3953
3388,3954
635,3955
4275,3956
2974,3957
2979,3958
27410,3959
38600,3960
2316,3961
966,3962
1854,3963
2292,3964
3048,3965
4030,3966
5833,3967
885,3968
1051,3969
188,3970
1911,3971
4756,3972
6811,3973
3958,3974
4775,3975
7024,3976
7650,3977
8906,3978
3698,3979
8535,3980
8675,3981
9018,3982
8341,3983
3285,3984
4599,3985
238,3986
5693,3987
25923,3988
4330,3989
2008,3990
2507,3991
1971,3992
1977,3993
2460,3994
3660,3995
3661,3996
3662,3997
4347,3998
3438,3999
547,4000
6936,4001
7832,4002
7835,4003
8486,4004
31193,4005
2436,4006
72,4007
3150,4008
83,4009
7920,4010
58351,4011
7585,4012
7781,4013
2482,4014
3487,4015
6394,4016
8334,4017
26101,4018
26750,4019
159,4020
1880,4021
6063,4022
50066,4023
55805,4024
3600,4025
4522,4026
54999,4027
3919,4028
567,4029
1623,4030
6143,4031
8731,4032
2536,4033
2741,4034
3102,4035
3345,4036
3705,4037
4677,4038
4715,4039
5102,4040
5651,4041
6629,4042
54997,4043
2032,4044
3633,4045
3928,4046
1762,4047
3718,4048
772,4049
1138,4050
2362,4051
2466,4052
3637,4053
5339,4054
2984,4055
3241,4056
2154,4057
3109,4058
6040,4059
5395,4060
1412,4061
3817,4062
2705,4063
3318,4064
3895,4065
4300,4066
5601,4067
6322,4068
44199,4069
5528,4070
6300,4071
7044,4072
2545,4073
2626,4074
794,4075
2873,4076
6598,4077
3127,4078
4140,4079
325,4080
7757,4081
8607,4082
53993,4083
54787,4084
3596,4085
2159,4086
970,4087
3908,4088
4317,4089
4719,4090
4572,4091
4615,4092
5036,4093
5381,4094
5965,4095
6077,4096
7040,4097
55274,4098
5385,4099
2682,4100
27838,4101
5237,4102
5723,4103
5941,4104
5608,4105
64614,4106
328,4107
2478,4108
4574,4109
6832,4110
7001,4111
7150,4112
7481,4113
7891,4114
8501,4115
2526,4116
2092,4117
6637,4118
6692,4119
32582,4120
3079,4121
6858,4122
4334,4123
4526,4124
26554,4125
1898,4126
5272,4127
87,4128
2098,4129
33312,4130
842,4131
49274,4132
56152,4133
1865,4134
2027,4135
5785,4136
3287,4137
3820,4138
3990,4139
452,4140
2852,4141
3914,4142
3995,4143
4900,4144
26085,4145
1450,4146
6545,4147
4977,4148
26170,4149
44694,4150
755,4151
1928,4152
4245,4153
4912,4154
5097,4155
5354,4156
5426,4157
5475,4158
5659,4159
5916,4160
6260,4161
6356,4162
2471,4163
4328,4164
1349,4165
3364,4166
7285,4167
8504,4168
3566,4169
3723,4170
46347,4171
1626,4172
4431,4173
5289,4174
5825,4175
6020,4176
1588,4177
4459,4178
3877,4179
8872,4180
47999,4181
2834,4182
171,4183
559,4184
1598,4185
2007,4186
2358,4187
4109,4188
6032,4189
8765,4190
25826,4191
2620,4192
1984,4193
1985,4194
1986,4195
6612,4196
404,4197
769,4198
4165,4199
4,4200
2596,4201
2734,4202
5722,4203
5900,4204
6889,4205
36525,4206
45208,4207
3309,4208
3126,4209
4967,4210
5348,4211
6791,4212
5767,4213
4267,4214
36517,4215
7728,4216
4305,4217
5352,4218
3864,4219
1646,4220
3653,4221
1631,4222
4360,4223
6160,4224
27822,4225
30898,4226
33004,4227
5296,4228
5414,4229
5462,4230
2823,4231
3140,4232
4233,4233
31116,4234
254,4235
1933,4236
1788,4237
6051,4238
7063,4239
7937,4240
8602,4241
25898,4242
26094,4243
42217,4244
355,4245
4162,4246
50160,4247
7193,4248
5155,4249
5460,4250
2469,4251
4232,4252
4123,4253
243,4254
310,4255
1523,4256
2166,4257
2961,4258
7048,4259
7293,4260
156,4261
511,4262
2672,4263
1541,4264
3055,4265
2498,4266
5804,4267
6703,4268
7380,4269
7701,4270
8783,4271
4721,4272
4957,4273
46967,4274
4229,4275
43836,4276
44193,4277
47518,4278
50798,4279
4524,4280
1538,4281
25795,4282
4722,4283
5076,4284
7054,4285
5034,4286
732,4287
241,4288
1799,4289
2561,4290
2829,4291
2474,4292
4010,4293
8520,4294
1067,4295
4131,4296
4420,4297
4536,4298
5392,4299
5437,4300
6412,4301
6466,4302
6790,4303
565,4304
3157,4305
1998,4306
4356,4307
4518,4308
5705,4309
4147,4310
6898,4311
7096,4312
7941,4313
8405,4314
27391,4315
25947,4316
2612,4317
2264,4318
6597,4319
8999,4320
27,4321
806,4322
26585,4323
6782,4324
7367,4325
6119,4326
409,4327
44974,4328
2187,4329
2056,4330
3732,4331
5867,4332
3125,4333
55926,4334
2477,4335
6756,4336
709,4337
3436,4338
38798,4339
26350,4340
2758,4341
5292,4342
5628,4343
47044,4344
3427,4345
4158,4346
4728,4347
27722,4348
26258,4349
5177,4350
192,4351
400,4352
683,4353
696,4354
727,4355
43460,4356
1987,4357
2451,4358
2878,4359
3024,4360
187,4361
5048,4362
1779,4363
5209,4364
279,4365
742,4366
7071,4367
8899,4368
3869,4369
6567,4370
6964,4371
7933,4372
5090,4373
1979,4374
6058,4375
561,4376
8614,4377
1483,4378
3502,4379
119,4380
131,4381
210,4382
680,4383
756,4384
3655,4385
4336,4386
4645,4387
4996,4388
32179,4389
382,4390
3771,4391
264,4392
1695,4393
2960,4394
3531,4395
7812,4396
26055,4397
27820,4398
117,4399
3205,4400
5263,4401
1465,4402
3272,4403
3402,4404
3734,4405
3737,4406
3792,4407
5417,4408
5660,4409
34336,4410
6296,4411
1336,4412
1862,4413
2149,4414
2338,4415
2514,4416
2902,4417
5909,4418
3409,4419
7450,4420
5473,4421
4505,4422
3870,4423
41716,4424
1993,4425
1999,4426
3563,4427
3664,4428
3961,4429
4619,4430
5427,4431
64,4432
305,4433
108,4434
284,4435
437,4436
582,4437
712,4438
730,4439
819,4440
2102,4441
6762,4442
7161,4443
2158,4444
2749,4445
341,4446
7149,4447
3612,4448
3759,4449
901,4450
1160,4451
1428,4452
1600,4453
2674,4454
8154,4455
2375,4456
26371,4457
3873,4458
5530,4459
54372,4460
5047,4461
47997,4462
50912,4463
57640,4464
58025,4465
62049,4466
6323,4467
6228,4468
26662,4469
42197,4470
1431,4471
5800,4472
5506,4473
27821,4474
12,4475
65,4476
2589,4477
1872,4478
1932,4479
4017,4480
4609,4481
4695,4482
4708,4483
4801,4484
5007,4485
5145,4486
5384,4487
1021,4488
6005,4489
5423,4490
32291,4491
6477,4492
6609,4493
9011,4494
25828,4495
25996,4496
31617,4497
4978,4498
5314,4499
3225,4500
3454,4501
2515,4502
1980,4503
2549,4504
2868,4505
1335,4506
2554,4507
359,4508
2675,4509
3292,4510
3567,4511
1382,4512
631,4513
979,4514
992,4515
40723,4516
2629,4517
115,4518
386,4519
600,4520
758,4521
1164,4522
925,4523
2663,4524
3011,4525
3375,4526
3780,4527
3807,4528
7323,4529
7456,4530
50011,4531
1904,4532
2860,4533
1861,4534
2828,4535
3992,4536
48738,4537
4683,4538
1332,4539
1934,4540
2015,4541
2047,4542
2179,4543
2346,4544
2786,4545
1572,4546
3217,4547
3245,4548
4999,4549
5114,4550
5169,4551
5236,4552
5642,4553
5688,4554
6202,4555
6783,4556
6862,4557
7194,4558
8338,4559
8459,4560
25753,4561
4393,4562
6789,4563
2178,4564
2181,4565
4394,4566
48744,4567
63876,4568
4496,4569
1444,4570
1508,4571
34523,4572
3500,4573
8366,4574
3165,4575
6718,4576
3169,4577
3965,4578
7223,4579
7883,4580
7889,4581
8600,4582
8618,4583
25855,4584
25865,4585
25866,4586
26485,4587
8196,4588
3264,4589
1655,4590
8808,4591
2609,4592
3371,4593
4028,4594
4761,4595
4800,4596
4930,4597
5158,4598
5340,4599
5548,4600
5707,4601
5743,4602
5796,4603
5802,4604
5977,4605
6065,4606
6082,4607
6105,4608
6107,4609
6115,4610
6180,4611
6524,4612
7311,4613
7791,4614
8015,4615
8332,4616
8379,4617
25870,4618
26222,4619
26472,4620
6630,4621
1972,4622
1978,4623
1981,4624
60753,4625
61240,4626
63082,4627
8969,4628
33830,4629
957,4630
4274,4631
6591,4632
53189,4633
6223,4634
44929,4635
2104,4636
4445,4637
1311,4638
4289,4639
1888,4640
42002,4641
42015,4642
297,4643
6440,4644
53953,4645
56607,4646
6935,4647
5572,4648
7008,4649
25963,4650
26713,4651
8796,4652
43910,4653
3738,4654
7028,4655
5963,4656
239,4657
5598,4658
4159,4659
59026,4660
7057,4661
2865,4662
1841,4663
43744,4664
43919,4665
53435,4666
57526,4667
59900,4668
61024,4669
7312,4670
5874,4671
2540,4672
3896,4673
8589,4674
2443,4675
3320,4676
4074,4677
2557,4678
383,4679
6116,4680
6338,4681
1656,4682
3273,4683
27841,4684
4084,4685
2379,4686
2380,4687
4735,4688
6803,4689
3776,4690
3342,4691
6211,4692
8373,4693
4009,4694
2553,4695
2933,4696
3875,4697
4416,4698
5951,4699
6403,4700
7792,4701
7940,4702
32369,4703
34482,4704
33454,4705
242,4706
4595,4707
4836,4708
7124,4709
7338,4710
7388,4711
8191,4712
8482,4713
8662,4714
9000,4715
6459,4716
2614,4717
4480,4718
5779,4719
5980,4720
7228,4721
7951,4722
3244,4723
5127,4724
6400,4725
34271,4726
3913,4727
6480,4728
6732,4729
3786,4730
47099,4731
58803,4732
7113,4733
56174,4734
1390,4735
1400,4736
6453,4737
7786,4738
569,4739
2053,4740
50685,4741
4323,4742
6564,4743
6662,4744
1458,4745
2765,4746
48560,4747
7981,4748
820,4749
2603,4750
2702,4751
3344,4752
3806,4753
5202,4754
5290,4755
5569,4756
5891,4757
5911,4758
6430,4759
26318,4760
27608,4761
3946,4762
26302,4763
31364,4764
690,4765
3311,4766
2551,4767
7333,4768
7939,4769
8738,4770
26131,4771
26810,4772
4517,4773
5094,4774
5380,4775
3262,4776
3368,4777
5142,4778
7914,4779
8070,4780
34326,4781
2790,4782
5587,4783
6344,4784
33817,4785
51937,4786
363,4787
5298,4788
8836,4789
47202,4790
56941,4791
2513,4792
4744,4793
1006,4794
375,4795
510,4796
25999,4797
48061,4798
5037,4799
26386,4800
2457,4801
37857,4802
974,4803
2925,4804
5167,4805
5168,4806
5230,4807
5231,4808
1327,4809
2904,4810
43928,4811
981,4812
6750,4813
60333,4814
1123,4815
4862,4816
3758,4817
8364,4818
6537,4819
6558,4820
58347,4821
1827,4822
6727,4823
7137,4824
8275,4825
8426,4826
8512,4827
8574,4828
37729,4829
3649,4830
6552,4831
26974,4832
1768,4833
5986,4834
6467,4835
6506,4836
6797,4837
7586,4838
26148,4839
47306,4840
7944,4841
8268,4842
4863,4843
8752,4844
5179,4845
1480,4846
44397,4847
45183,4848
53127,4849
33138,4850
3120,4851
40629,4852
7451,4853
2709,4854
4534,4855
2981,4856
4355,4857
4673,4858
2956,4859
5193,4860
3797,4861
44972,4862
46972,4863
51077,4864
59037,4865
2994,4866
4151,4867
5068,4868
5422,4869
5696,4870
6144,4871
6339,4872
6413,4873
6542,4874
706,4875
1399,4876
1424,4877
1426,4878
1430,4879
1434,4880
1436,4881
1443,4882
1448,4883
1455,4884
1467,4885
2221,4886
6614,4887
3124,4888
5896,4889
4898,4890
4621,4891
2685,4892
5725,4893
6921,4894
7238,4895
56921,4896
54,4897
3663,4898
3665,4899
3696,4900
4201,4901
4331,4902
4949,4903
4991,4904
5522,4905
5596,4906
6813,4907
7646,4908
6014,4909
25841,4910
48879,4911
4777,4912
3437,4913
2416,4914
5165,4915
2211,4916
2649,4917
5233,4918
7056,4919
8153,4920
8331,4921
25825,4922
25937,4923
26078,4924
26147,4925
26283,4926
47723,4927
2048,4928
1539,4929
4199,4930
4200,4931
2812,4932
6725,4933
4381,4934
3625,4935
4846,4936
5146,4937
4386,4938
52967,4939
8596,4940
7163,4941
3106,4942
59103,4943
63113,4944
5024,4945
26524,4946
47721,4947
52767,4948
7706,4949
2103,4950
37733,4951
2449,4952
3673,4953
453,4954
499,4955
7211,4956
7305,4957
7569,4958
436,4959
2434,4960
5637,4961
4779,4962
2387,4963
3513,4964
3765,4965
3619,4966
54962,4967
4277,4968
1181,4969
1606,4970
5093,4971
59022,4972
2334,4973
5323,4974
128,4975
3594,4976
6975,4977
2411,4978
33603,4979
3843,4980
44828,4981
60950,4982
7815,4983
7895,4984
26788,4985
32387,4986
5612,4987
3646,4988
2793,4989
5072,4990
1484,4991
4803,4992
697,4993
4856,4994
40339,4995
8481,4996
59590,4997
4605,4998
5614,4999
8739,5000
5836,5001
25763,5002
7260,5003
47122,5004
3744,5005
4989,5006
6419,5007
58706,5008
6959,5009
8939,5010
34334,5011
39435,5012
1685,5013
45175,5014
1746,5015
4565,5016
5246,5017
6264,5018
3812,5019
7082,5020
6527,5021
3029,5022
39446,5023
53207,5024
1644,5025
6025,5026
26491,5027
8199,5028
851,5029
1657,5030
4729,5031
4819,5032
5908,5033
6644,5034
27768,5035
2520,5036
5005,5037
5023,5038
5840,5039
5933,5040
6232,5041
6382,5042
6735,5043
6775,5044
6895,5045
6932,5046
7087,5047
7092,5048
8121,5049
25927,5050
6379,5051
40955,5052
45517,5053
5876,5054
6197,5055
8610,5056
6511,5057
3028,5058
7745,5059
6452,5060
3905,5061
6678,5062
8580,5063
1664,5064
68,5065
1565,5066
25971,5067
5082,5068
5098,5069
6182,5070
3533,5071
405,5072
1794,5073
6723,5074
2389,5075
27904,5076
2074,5077
2892,5078
3970,5079
4064,5080
4255,5081
4294,5082
4634,5083
5268,5084
5509,5085
5653,5086
6148,5087
6229,5088
6395,5089
6478,5090
6812,5091
6817,5092
7029,5093
7171,5094
7307,5095
7348,5096
7410,5097
7492,5098
26616,5099
30846,5100
6615,5101
4061,5102
33145,5103
3974,5104
2129,5105
2155,5106
6550,5107
5325,5108
6683,5109
7487,5110
2637,5111
2651,5112
2992,5113
7888,5114
32170,5115
52435,5116
45666,5117
4771,5118
5458,5119
4678,5120
5266,5121
4181,5122
6980,5123
55071,5124
40966,5125
6768,5126
1342,5127
4626,5128
4794,5129
6126,5130
5589,5131
6998,5132
1422,5133
3802,5134
4845,5135
56715,5136
462,5137
967,5138
3137,5139
3154,5140
3161,5141
3960,5142
4110,5143
4114,5144
4363,5145
4401,5146
4610,5147
4659,5148
4983,5149
5001,5150
5063,5151
5499,5152
5915,5153
6279,5154
6469,5155
6989,5156
6990,5157
7003,5158
7010,5159
7011,5160
7032,5161
7205,5162
7217,5163
7579,5164
7617,5165
8033,5166
8201,5167
8661,5168
8700,5169
8718,5170
8920,5171
25856,5172
25901,5173
32371,5174
32469,5175
34536,5176
37475,5177
48142,5178
48698,5179
51678,5180
53038,5181
26704,5182
8786,5183
3158,5184
598,5185
155,5186
2212,5187
563,5188
6380,5189
47952,5190
49524,5191
37720,5192
321,5193
2356,5194
6102,5195
34148,5196
33585,5197
8157,5198
27397,5199
2113,5200
4581,5201
34332,5202
893,5203
2559,5204
5083,5205
8844,5206
245,5207
2563,5208
4474,5209
4782,5210
546,5211
2325,5212
3692,5213
3945,5214
4834,5215
5331,5216
5639,5217
6710,5218
27882,5219
737,5220
52950,5221
25995,5222
26064,5223
8302,5224
26599,5225
340,5226
3690,5227
4113,5228
4498,5229
4759,5230
1599,5231
3038,5232
25771,5233
809,5234
30712,5235
1882,5236
7756,5237
8730,5238
5496,5239
27700,5240
61352,5241
2458,5242
106,5243
962,5244
5081,5245
3588,5246
3978,5247
32058,5248
3591,5249
4893,5250
33085,5251
37727,5252
53464,5253
2879,5254
8984,5255
259,5256
4286,5257
27850,5258
31689,5259
54331,5260
2535,5261
4243,5262
5106,5263
5387,5264
6763,5265
7257,5266
5220,5267
6351,5268
46974,5269
54256,5270
67,5271
3295,5272
1496,5273
8375,5274
6996,5275
2552,5276
3553,5277
4153,5278
5454,5279
2798,5280
3516,5281
3130,5282
31427,5283
4545,5284
5730,5285
2820,5286
33649,5287
4340,5288
8387,5289
33836,5290
45442,5291
55250,5292
2995,5293
6966,5294
5080,5295
6713,5296
3200,5297
3016,5298
1640,5299
3894,5300
3862,5301
6234,5302
55272,5303
6493,5304
6535,5305
7980,5306
2479,5307
2480,5308
96,5309
3189,5310
4919,5311
1820,5312
4627,5313
4954,5314
31485,5315
2286,5316
1187,5317
4211,5318
34542,5319
40583,5320
62344,5321
8795,5322
2633,5323
4129,5324
5208,5325
3324,5326
3597,5327
4068,5328
4899,5329
5264,5330
5363,5331
5478,5332
6185,5333
8266,5334
26375,5335
55577,5336
804,5337
3726,5338
651,5339
7263,5340
7936,5341
8232,5342
25945,5343
31770,5344
32525,5345
61160,5346
6992,5347
5006,5348
5128,5349
7235,5350
2658,5351
6288,5352
2256,5353
2602,5354
7055,5355
3886,5356
39414,5357
6910,5358
6592,5359
1341,5360
42094,5361
55253,5362
3326,5363
4686,5364
3040,5365
4225,5366
5096,5367
58299,5368
4969,5369
8754,5370
4015,5371
26564,5372
1760,5373
2473,5374
3937,5375
4696,5376
5360,5377
5585,5378
5647,5379
5648,5380
5898,5381
6864,5382
4687,5383
7046,5384
4716,5385
4422,5386
5232,5387
8057,5388
8833,5389
25952,5390
8576,5391
3854,5392
767,5393
2711,5394
1490,5395
1495,5396
1379,5397
234,5398
1504,5399
2191,5400
2850,5401
4783,5402
4700,5403
5539,5404
8740,5405
1602,5406
4935,5407
6021,5408
45501,5409
2238,5410
2349,5411
6967,5412
1543,5413
4580,5414
2326,5415
5134,5416
3920,5417
8573,5418
6816,5419
26838,5420
5327,5421
6526,5422
40,5423
52042,5424
59141,5425
3190,5426
4376,5427
4479,5428
26875,5429
3909,5430
8918,5431
32596,5432
813,5433
1519,5434
25839,5435
32381,5436
1901,5437
3638,5438
626,5439
682,5440
47610,5441
6035,5442
6258,5443
6643,5444
8143,5445
3122,5446
1821,5447
3216,5448
3283,5449
7300,5450
7297,5451
1180,5452
275,5453
3845,5454
4177,5455
52579,5456
1819,5457
4352,5458
4796,5459
2456,5460
2461,5461
2462,5462
2903,5463
4366,5464
4561,5465
4676,5466
4682,5467
4959,5468
6743,5469
5620,5470
5459,5471
6893,5472
27456,5473
45062,5474
3982,5475
5484,5476
8645,5477
6408,5478
2810,5479
6961,5480
5993,5481
6281,5482
49824,5483
3518,5484
33539,5485
3766,5486
3767,5487
3768,5488
6559,5489
1098,5490
2996,5491
6806,5492
8385,5493
43684,5494
7165,5495
7649,5496
5372,5497
8487,5498
1486,5499
6060,5500
3534,5501
5041,5502
6566,5503
3837,5504
3310,5505
2846,5506
1106,5507
3459,5508
3643,5509
3370,5510
4183,5511
6536,5512
8372,5513
1404,5514
48856,5515
27416,5516
49284,5517
7842,5518
59018,5519
430,5520
2483,5521
3832,5522
2670,5523
6373,5524
7179,5525
8629,5526
27020,5527
5817,5528
4395,5529
6118,5530
7320,5531
4587,5532
6547,5533
394,5534
1003,5535
674,5536
6945,5537
4180,5538
1595,5539
4680,5540
7894,5541
7241,5542
8866,5543
3497,5544
2516,5545
5588,5546
5610,5547
6392,5548
6470,5549
6999,5550
7379,5551
7458,5552
7897,5553
694,5554
1940,5555
4176,5556
6460,5557
6985,5558
7934,5559
8521,5560
25891,5561
3773,5562
32261,5563
5832,5564
7809,5565
6235,5566
202,5567
4171,5568
4287,5569
209,5570
263,5571
378,5572
206,5573
38188,5574
2704,5575
2106,5576
768,5577
34540,5578
6101,5579
7488,5580
286,5581
2425,5582
2607,5583
2835,5584
43934,5585
50274,5586
56908,5587
2901,5588
3715,5589
7584,5590
6666,5591
4475,5592
2422,5593
5467,5594
2569,5595
3509,5596
2570,5597
60037,5598
6268,5599
2934,5600
366,5601
43396,5602
89,5603
443,5604
3585,5605
4032,5606
7215,5607
2853,5608
1825,5609
3431,5610
3432,5611
6154,5612
6611,5613
4754,5614
4649,5615
8875,5616
8588,5617
793,5618
6705,5619
3351,5620
3847,5621
31429,5622
52717,5623
45726,5624
51037,5625
8529,5626
7742,5627
4335,5628
4492,5629
2262,5630
3327,5631
59440,5632
56757,5633
54259,5634
3878,5635
4178,5636
5466,5637
5613,5638
6753,5639
7453,5640
8869,5641
8870,5642
51698,5643
4086,5644
2031,5645
2035,5646
3444,5647
1731,5648
4206,5649
5692,5650
2447,5651
5538,5652
6407,5653
2627,5654
464,5655
3881,5656
1531,5657
4036,5658
55232,5659
3711,5660
5042,5661
8591,5662
7266,5663
998,5664
2331,5665
7258,5666
32300,5667
37380,5668
43679,5669
49649,5670
1636,5671
1675,5672
2368,5673
5990,5674
7208,5675
26680,5676
4826,5677
2785,5678
5163,5679
25773,5680
49666,5681
50442,5682
2756,5683
1769,5684
4083,5685
1881,5686
2635,5687
2666,5688
5071,5689
2998,5690
3282,5691
6851,5692
7019,5693
8134,5694
8710,5695
2667,5696
5079,5697
4743,5698
4121,5699
7119,5700
7416,5701
40946,5702
5872,5703
5798,5704
4261,5705
5107,5706
1850,5707
8260,5708
27022,5709
33451,5710
5258,5711
167,5712
7879,5713
32302,5714
25777,5715
3367,5716
3417,5717
4324,5718
4791,5719
1848,5720
5390,5721
5859,5722
1869,5723
1425,5724
6427,5725
1807,5726
4063,5727
4613,5728
4675,5729
5046,5730
5309,5731
62956,5732
52885,5733
941,5734
3810,5735
3880,5736
4038,5737
4122,5738
4573,5739
5174,5740
5527,5741
5772,5742
6047,5743
6064,5744
6245,5745
6337,5746
6416,5747
7474,5748
7560,5749
7580,5750
8768,5751
25929,5752
26349,5753
34155,5754
40959,5755
41721,5756
42732,5757
44864,5758
45440,5759
45635,5760
47950,5761
48598,5762
59731,5763
60291,5764
38992,5765
45503,5766
3874,5767
52458,5768
58154,5769
2914,5770
6562,5771
7111,5772
5503,5773
6398,5774
2780,5775
4473,5776
55721,5777
58191,5778
59519,5779
640,5780
487,5781
2590,5782
3056,5783
3530,5784
3121,5785
2836,5786
6312,5787
26903,5788
4941,5789
6709,5790
3747,5791
5734,5792
5735,5793
38499,5794
3640,5795
7102,5796
2942,5797
3520,5798
4348,5799
5092,5800
5942,5801
6528,5802
6702,5803
6754,5804
7916,5805
8187,5806
8526,5807
8616,5808
44840,5809
48319,5810
7381,5811
2673,5812
5085,5813
5311,5814
6749,5815
6963,5816
7250,5817
26230,5818
7222,5819
3378,5820
3934,5821
5379,5822
3340,5823
687,5824
2151,5825
691,5826
1785,5827
2530,5828
3014,5829
1878,5830
5609,5831
7790,5832
1526,5833
3299,5834
7624,5835
7753,5836
39307,5837
55451,5838
352,5839
1055,5840
8208,5841
25755,5842
44889,5843
25835,5844
4152,5845
5763,5846
1659,5847
2082,5848
4244,5849
5223,5850
5605,5851
4214,5852
2400,5853
4436,5854
3719,5855
8809,5856
42418,5857
1056,5858
58047,5859
6159,5860
7896,5861
8955,5862
9013,5863
25766,5864
31086,5865
31973,5866
46803,5867
122,5868
4298,5869
6660,5870
8126,5871
2566,5872
2967,5873
1009,5874
2052,5875
5419,5876
5879,5877
4256,5878
8938,5879
7364,5880
2876,5881
7091,5882
3900,5883
4415,5884
2004,5885
3406,5886
3957,5887
1718,5888
43871,5889
44399,5890
46865,5891
54513,5892
57464,5893
58293,5894
61248,5895
5476,5896
5691,5897
36401,5898
44633,5899
49396,5900
50794,5901
52462,5902
58162,5903
4566,5904
877,5905
25893,5906
1117,5907
25886,5908
26394,5909
53123,5910
4929,5911
2488,5912
476,5913
8959,5914
40614,5915
3971,5916
4483,5917
3021,5918
6349,5919
7157,5920
157,5921
244,5922
1562,5923
49647,5924
2196,5925
2887,5926
4240,5927
7177,5928
37855,5929
64285,5930
747,5931
6884,5932
8257,5933
26745,5934
47124,5935
57910,5936
6003,5937
55687,5938
291,5939
734,5940
4440,5941
31956,5942
55176,5943
8254,5944
25961,5945
2817,5946
2818,5947
3709,5948
1509,5949
8755,5950
26391,5951
4454,5952
1553,5953
5111,5954
8128,5955
2441,5956
5959,5957
3611,5958
4802,5959
3987,5960
7459,5961
2252,5962
53125,5963
200,5964
3943,5965
6217,5966
1863,5967
4341,5968
3343,5969
4469,5970
5187,5971
5745,5972
5561,5973
1551,5974
2578,5975
2768,5976
2773,5977
4397,5978
4569,5979
4266,5980
3374,5981
3401,5982
1583,5983
5664,5984
7030,5985
4810,5986
27721,5987
6695,5988
48997,5989
6265,5990
7123,5991
3139,5992
56801,5993
31903,5994
32025,5995
369,5996
5641,5997
4972,5998
45672,5999
3410,6000
219,6001
3565,6002
4388,6003
4824,6004
5109,6005
5400,6006
3064,6007
3707,6008
7616,6009
7016,6010
558,6011
3564,6012
3991,6013
5404,6014
5996,6015
7899,6016
5243,6017
4557,6018
2965,6019
6850,6020
55245,6021
1169,6022
8907,6023
871,6024
1364,6025
8477,6026
4671,6027
5841,6028
1128,6029
32591,6030
7134,6031
3576,6032
6885,6033
3349,6034
3491,6035
2753,6036
32022,6037
1475,6038
43869,6039
1937,6040
313,6041
3756,6042
1324,6043
1826,6044
4750,6045
5523,6046
6944,6047
27563,6048
1920,6049
6639,6050
45728,6051
3319,6052
2306,6053
4918,6054
5505,6055
6243,6056
801,6057
294,6058
26985,6059
2839,6060
6314,6061
6226,6062
2381,6063
2733,6064
6252,6065
2414,6066
1749,6067
3682,6068
2525,6069
26269,6070
31148,6071
4960,6072
5468,6073
169,6074
1696,6075
6652,6076
5687,6077
2767,6078
57368,6079
6815,6080
7064,6081
3728,6082
3609,6083
2163,6084
3013,6085
414,6086
1929,6087
4338,6088
1733,6089
4437,6090
295,6091
7636,6092
27317,6093
1894,6094
8989,6095
6886,6096
8391,6097
3466,6098
3522,6099
8987,6100
3484,6101
20,6102
3400,6103
40732,6104
3495,6105
4194,6106
7078,6107
7126,6108
8463,6109
25905,6110
6383,6111
50445,6112
7199,6113
53769,6114
3403,6115
4923,6116
6298,6117
4538,6118
6257,6119
26326,6120
32882,6121
34018,6122
1130,6123
59995,6124
5131,6125
3902,6126
324,6127
4203,6128
6800,6129
7017,6130
7376,6131
6650,6132
43558,6133
3399,6134
6187,6135
31804,6136
6619,6137
1860,6138
3906,6139
44613,6140
1874,6141
603,6142
62081,6143
5382,6144
3834,6145
3805,6146
33722,6147
4434,6148
5526,6149
4616,6150
7025,6151
59810,6152
37736,6153
7802,6154
6888,6155
5235,6156
2253,6157
4753,6158
7884,6159
8330,6160
1326,6161
1549,6162
3392,6163
6190,6164
62336,6165
53894,6166
4792,6167
5226,6168
55286,6169
26462,6170
6805,6171
5883,6172
1363,6173
2468,6174
2653,6175
6624,6176
8327,6177
4890,6178
1558,6179
3636,6180
5862,6181
6023,6182
3784,6183
8189,6184
8605,6185
8912,6186
27193,6187
522,6188
3620,6189
1126,6190
5123,6191
2849,6192
6977,6193
53468,6194
1771,6195
346,6196
2072,6197
3086,6198
3433,6199
3846,6200
1743,6201
3404,6202
6059,6203
3434,6204
4042,6205
53887,6206
55444,6207
43921,6208
46653,6209
1930,6210
1681,6211
5525,6212
5574,6213
5670,6214
5677,6215
1038,6216
26527,6217
2450,6218
6798,6219
31696,6220
7620,6221
45106,6222
4116,6223
3472,6224
3838,6225
3839,6226
2506,6227
3243,6228
3439,6229
2148,6230
4703,6231
3268,6232
4584,6233
3330,6234
1157,6235
8880,6236
4618,6237
2275,6238
46530,6239
31435,6240
4493,6241
4494,6242
8666,6243
5205,6244
6433,6245
6664,6246
51277,6247
4000,6248
271,6249
3867,6250
5749,6251
6147,6252
26547,6253
7578,6254
5773,6255
6022,6256
8531,6257
46335,6258
803,6259
3357,6260
26796,6261
47274,6262
39715,6263
50189,6264
7614,6265
4250,6266
285,6267
7116,6268
50158,6269
1534,6270
6939,6271
7002,6272
8295,6273
8494,6274
55118,6275
7043,6276
6530,6277
6649,6278
2931,6279
48982,6280
52287,6281
57504,6282
60514,6283
1605,6284
1723,6285
2652,6286
5435,6287
58334,6288
59118,6289
3414,6290
1564,6291
58879,6292
64716,6293
461,6294
3254,6295
7924,6296
7990,6297
51094,6298
8933,6299
2284,6300
3339,6301
6954,6302
27831,6303
3956,6304
43914,6305
64839,6306
982,6307
3224,6308
5124,6309
6882,6310
5830,6311
3172,6312
8042,6313
7033,6314
7101,6315
718,6316
620,6317
3239,6318
3714,6319
4885,6320
5335,6321
48416,6322
1547,6323
26012,6324
4196,6325
2558,6326
3269,6327
5088,6328
5518,6329
5777,6330
5846,6331
4097,6332
5568,6333
5799,6334
7918,6335
25752,6336
42728,6337
5668,6338
197,6339
48596,6340
2678,6341
3529,6342
5049,6343
34048,6344
6428,6345
8190,6346
8025,6347
32349,6348
5373,6349
891,6350
50005,6351
1091,6352
4961,6353
1529,6354
4737,6355
33124,6356
6852,6357
32460,6358
62999,6359
2969,6360
6042,6361
6301,6362
2367,6363
2164,6364
4488,6365
4679,6366
4697,6367
6206,6368
6784,6369
704,6370
3372,6371
7302,6372
6682,6373
6927,6374
1715,6375
4078,6376
2869,6377
2831,6378
2950,6379
8827,6380
8273,6381
3775,6382
937,6383
6923,6384
1369,6385
62155,6386
30820,6387
31934,6388
411,6389
1689,6390
99,6391
3584,6392
32584,6393
4353,6394
4665,6395
6464,6396
8911,6397
32289,6398
45221,6399
4313,6400
4625,6401
4924,6402
5116,6403
6181,6404
3835,6405
2760,6406
3861,6407
1684,6408
897,6409
7141,6410
5119,6411
8884,6412
3257,6413
3219,6414
2226,6415
5764,6416
3452,6417
3528,6418
4282,6419
2290,6420
8751,6421
62374,6422
2774,6423
2610,6424
3569,6425
4387,6426
5365,6427
51705,6428
2261,6429
4662,6430
2465,6431
1468,6432
1154,6433
1005,6434
1445,6435
4939,6436
1840,6437
3669,6438
3197,6439
127,6440
2796,6441
612,6442
4210,6443
2270,6444
1413,6445
3208,6446
63433,6447
8973,6448
5431,6449
6909,6450
4399,6451
26649,6452
540,6453
3686,6454
5795,6455
6244,6456
4525,6457
39449,6458
4520,6459
7846,6460
3622,6461
3678,6462
4292,6463
4375,6464
50804,6465
1824,6466
5581,6467
5839,6468
6541,6469
52722,6470
56145,6471
5930,6472
26171,6473
55999,6474
2866,6475
2476,6476
27912,6477
8207,6478
917,6479
43556,6480
4917,6481
7767,6482
4809,6483
746,6484
3008,6485
5470,6486
7164,6487
51834,6488
102,6489
2945,6490
4187,6491
59392,6492
60674,6493
666,6494
5663,6495
7948,6496
2089,6497
4698,6498
5560,6499
6442,6500
6457,6501
26084,6502
8994,6503
3142,6504
3478,6505
6641,6506
5970,6507
6192,6508
309,6509
3998,6510
56333,6511
7114,6512
6166,6513
6062,6514
1853,6515
2870,6516
3204,6517
5018,6518
4714,6519
45210,6520
1075,6521
4485,6522
2897,6523
137,6524
2874,6525
33158,6526
2978,6527
7286,6528
2889,6529
80,6530
3354,6531
56949,6532
4219,6533
55247,6534
1739,6535
50068,6536
51540,6537
1437,6538
3571,6539
2505,6540
31035,6541
59421,6542
8454,6543
3739,6544
3113,6545
1525,6546
4674,6547
44595,6548
4238,6549
1725,6550
1804,6551
6508,6552
49355,6553
2499,6554
4865,6555
2017,6556
211,6557
2701,6558
56563,6559
1010,6560
4052,6561
379,6562
2573,6563
48414,6564
2061,6565
5017,6566
6100,6567
1983,6568
6951,6569
6952,6570
7142,6571
4462,6572
2891,6573
5057,6574
45431,6575
58301,6576
6659,6577
47200,6578
2033,6579
4660,6580
6156,6581
7155,6582
39441,6583
519,6584
7175,6585
1669,6586
2093,6587
629,6588
5999,6589
6869,6590
2266,6591
4450,6592
2372,6593
2802,6594
2877,6595
4688,6596
7206,6597
5095,6598
48326,6599
4630,6600
7060,6601
26663,6602
6425,6603
269,6604
4773,6605
3540,6606
51935,6607
44761,6608
177,6609
2464,6610
4284,6611
25868,6612
33499,6613
3099,6614
5434,6615
5810,6616
4821,6617
7012,6618
7316,6619
7319,6620
50514,6621
2738,6622
258,6623
1166,6624
7386,6625
55814,6626
47465,6627
5555,6628
3051,6629
2237,6630
45662,6631
57951,6632
2418,6633
32213,6634
27706,6635
53000,6636
513,6637
1817,6638
773,6639
7045,6640
34323,6641
59,6642
5197,6643
7236,6644
7991,6645
8119,6646
2328,6647
330,6648
4465,6649
3613,6650
2192,6651
5108,6652
3999,6653
3697,6654
30883,6655
1877,6656
8724,6657
53129,6658
4005,6659
3986,6660
6986,6661
4065,6662
5449,6663
182,6664
496,6665
4741,6666
4205,6667
2030,6668
5797,6669
6122,6670
26603,6671
782,6672
5853,6673
6196,6674
1328,6675
60161,6676
5117,6677
5265,6678
5038,6679
1837,6680
5625,6681
6828,6682
8643,6683
47382,6684
5524,6685
5157,6686
5712,6687
5958,6688
5439,6689
6297,6690
700,6691
7272,6692
6774,6693
449,6694
33162,6695
2715,6696
2665,6697
31367,6698
3076,6699
4868,6700
3568,6701
48877,6702
2169,6703
1388,6704
5062,6705
8726,6706
881,6707
4567,6708
2136,6709
2579,6710
4639,6711
8807,6712
45186,6713
5602,6714
1515,6715
1398,6716
2304,6717
2038,6718
4895,6719
54881,6720
1463,6721
41025,6722
3791,6723
1352,6724
3447,6725
4164,6726
4713,6727
5838,6728
58156,6729
6370,6730
1044,6731
5994,6732
4414,6733
7085,6734
5974,6735
3145,6736
58306,6737
2240,6738
6593,6739
3379,6740
1571,6741
3670,6742
5516,6743
53322,6744
6786,6745
8446,6746
7946,6747
33679,6748
711,6749
611,6750
55069,6751
701,6752
6286,6753
2043,6754
7023,6755
3515,6756
829,6757
6680,6758
2794,6759
4717,6760
4091,6761
4710,6762
7097,6763
1535,6764
2639,6765
5957,6766
1322,6767
1703,6768
27611,6769
2856,6770
3710,6771
3525,6772
8491,6773
4723,6774
886,6775
1317,6776
7107,6777
5300,6778
55269,6779
2153,6780
2807,6781
2736,6782
2880,6783
2345,6784
1563,6785
3355,6786
31694,6787
1487,6788
6808,6789
62434,6790
2587,6791
5450,6792
458,6793
4755,6794
6579,6795
3743,6796
3249,6797
2668,6798
4502,6799
31724,6800
1936,6801
42723,6802
2402,6803
3674,6804
4590,6805
2227,6806
5486,6807
4745,6808
5216,6809
3167,6810
2864,6811
60289,6812
64620,6813
473,6814
4020,6815
27744,6816
63992,6817
3550,6818
3825,6819
46970,6820
4345,6821
4451,6822
26791,6823
1024,6824
2034,6825
1330,6826
3769,6827
8188,6828
4858,6829
889,6830
3428,6831
715,6832
429,6833
2295,6834
4643,6835
2654,6836
5040,6837
30892,6838
3289,6839
8493,6840
6127,6841
1337,6842
3774,6843
3725,6844
30816,6845
3248,6846
5247,6847
6880,6848
1658,6849
34150,6850
6684,6851
1627,6852
4772,6853
13,6854
8,6855
3440,6856
8167,6857
64957,6858
7067,6859
6971,6860
2585,6861
4357,6862
3069,6863
7983,6864
2272,6865
472,6866
5319,6867
8582,6868
601,6869
1133,6870
48696,6871
3306,6872
5099,6873
32160,6874
2842,6875
710,6876
7926,6877
8712,6878
5222,6879
2119,6880
4655,6881
27266,6882
764,6883
2808,6884
42011,6885
57669,6886
2095,6887
7038,6888
583,6889
3538,6890
2062,6891
3754,6892
2847,6893
4293,6894
447,6895
6582,6896
4531,6897
1604,6898
4332,6899
5269,6900
1069,6901
6012,6902
8753,6903
4664,6904
2263,6905
7151,6906
2928,6907
26366,6908
32853,6909
3286,6910
2157,6911
4994,6912
48082,6913
4661,6914
4921,6915
25827,6916
544,6917
3230,6918
667,6919
5451,6920
1427,6921
3422,6922
5603,6923
4383,6924
49132,6925
630,6926
695,6927
46322,6928
60074,6929
1482,6930
731,6931
760,6932
2029,6933
3046,6934
602,6935
5646,6936
34437,6937
270,6938
6173,6939
26152,6940
614,6941
1471,6942
6429,6943
34153,6944
3865,6945
988,6946
2532,6947
2906,6948
2040,6949
54648,6950
7394,6951
7570,6952
4877,6953
4380,6954
3736,6955
1018,6956
27801,6957
